GEO_ID,NAME,MEDIAN_INCOME
0500000US01001,Autauga County,201
0500000US01003,Baldwin County,361
0500000US01005,Barbour County,146
0500000US01007,Bibb County,72
0500000US01009,Blount County,135
0500000US01011,Bullock County,68
0500000US01013,Butler County,38
0500000US01015,Calhoun County,252
0500000US01017,Chambers County,154
0500000US01019,Cherokee County,75
0500000US01021,Chilton County,185
0500000US01023,Choctaw County,117
0500000US01025,Clarke County,104
0500000US01027,Clay County,95
0500000US01029,Cleburne County,97
0500000US01031,Coffee County,215
0500000US01033,Colbert County,353
0500000US01035,Conecuh County,110
0500000US01037,Coosa County,72
0500000US01039,Covington County,111
0500000US01041,Crenshaw County,123
0500000US01043,Cullman County,241
0500000US01045,Dale County,184
0500000US01047,Dallas County,194
0500000US01049,DeKalb County,176
0500000US01051,Elmore County,232
0500000US01053,Escambia County,164
0500000US01055,Etowah County,219
0500000US01057,Fayette County,33
0500000US01059,Franklin County,123
0500000US01061,Geneva County,135
0500000US01063,Greene County,19
0500000US01065,Hale County,46
0500000US01067,Henry County,62
0500000US01069,Houston County,145
0500000US01071,Jackson County,127
0500000US01073,Jefferson County,843
0500000US01075,Lamar County,56
0500000US01077,Lauderdale County,408
0500000US01079,Lawrence County,161
0500000US01081,Lee County,605
0500000US01083,Limestone County,284
0500000US01085,Lowndes County,61
0500000US01087,Macon County,141
0500000US01089,Madison County,717
0500000US01091,Marengo County,110
0500000US01093,Marion County,118
0500000US01095,Marshall County,153
0500000US01097,Mobile County,589
0500000US01099,Monroe County,136
0500000US01101,Montgomery County,461
0500000US01103,Morgan County,300
0500000US01105,Perry County,146
0500000US01107,Pickens County,73
0500000US01109,Pike County,250
0500000US01111,Randolph County,130
0500000US01113,Russell County,288
0500000US01115,St. Clair County,230
0500000US01117,Shelby County,312
0500000US01119,Sumter County,92
0500000US01121,Talladega County,232
0500000US01123,Tallapoosa County,106
0500000US01125,Tuscaloosa County,862
0500000US01127,Walker County,191
0500000US01129,Washington County,114
0500000US01131,Wilcox County,47
0500000US01133,Winston County,108
0500000US26001,Alcona County,27
0500000US26003,Alger County,57
0500000US26005,Allegan County,240
0500000US26007,Alpena County,105
0500000US26009,Antrim County,116
0500000US26011,Arenac County,47
0500000US26013,Baraga County,70
0500000US26015,Barry County,138
0500000US26017,Bay County,179
0500000US26019,Benzie County,55
0500000US26021,Berrien County,335
0500000US26023,Branch County,125
0500000US26025,Calhoun County,248
0500000US26027,Cass County,121
0500000US26029,Charlevoix County,140
0500000US26031,Cheboygan County,67
0500000US26033,Chippewa County,173
0500000US26035,Clare County,92
0500000US26037,Clinton County,175
0500000US26039,Crawford County,70
0500000US26041,Delta County,99
0500000US26043,Dickinson County,147
0500000US26045,Eaton County,224
0500000US26047,Emmet County,165
0500000US26049,Genesee County,644
0500000US26051,Gladwin County,70
0500000US26053,Gogebic County,57
0500000US26055,Grand Traverse County,234
0500000US26057,Gratiot County,169
0500000US26059,Hillsdale County,90
0500000US26061,Houghton County,294
0500000US26063,Huron County,92
0500000US26065,Ingham County,772
0500000US26067,Ionia County,152
0500000US26069,Iosco County,84
0500000US26071,Iron County,43
0500000US26073,Isabella County,321
0500000US26075,Jackson County,347
0500000US26077,Kalamazoo County,757
0500000US26079,Kalkaska County,70
0500000US26081,Kent County,805
0500000US26083,Keweenaw County,9
0500000US26085,Lake County,61
0500000US26087,Lapeer County,160
0500000US26089,Leelanau County,34
0500000US26091,Lenawee County,187
0500000US26093,Livingston County,266
0500000US26095,Luce County,45
0500000US26097,Mackinac County,60
0500000US26099,Macomb County,737
0500000US26101,Manistee County,87
0500000US26103,Marquette County,262
0500000US26105,Mason County,97
0500000US26107,Mecosta County,174
0500000US26109,Menominee County,95
0500000US26111,Midland County,233
0500000US26113,Missaukee County,30
0500000US26115,Monroe County,297
0500000US26117,Montcalm County,319
0500000US26119,Montmorency County,65
0500000US26121,Muskegon County,311
0500000US26123,Newaygo County,104
0500000US26125,Oakland County,935
0500000US26127,Oceana County,71
0500000US26129,Ogemaw County,56
0500000US26131,Ontonagon County,28
0500000US26133,Osceola County,49
0500000US26135,Oscoda County,57
0500000US26137,Otsego County,114
0500000US26139,Ottawa County,571
0500000US26141,Presque Isle County,58
0500000US26143,Roscommon County,89
0500000US26145,Saginaw County,345
0500000US26147,St. Clair County,251
0500000US26149,St. Joseph County,193
0500000US26151,Sanilac County,119
0500000US26153,Schoolcraft County,68
0500000US26155,Shiawassee County,118
0500000US26157,Tuscola County,119
0500000US26159,Van Buren County,171
0500000US26161,Washtenaw County,669
0500000US26163,Wayne County,1040
0500000US26165,Wexford County,118
0500000US53001,Adams County,134
0500000US53003,Asotin County,98
0500000US53005,Benton County,365
0500000US53007,Chelan County,230
0500000US53009,Clallam County,165
0500000US53011,Clark County,611
0500000US53013,Columbia County,47
0500000US53015,Cowlitz County,237
0500000US53017,Douglas County,216
0500000US53019,Ferry County,50
0500000US53021,Franklin County,345
0500000US53023,Garfield County,27
0500000US53025,Grant County,379
0500000US53027,Grays Harbor County,160
0500000US53029,Island County,220
0500000US53031,Jefferson County,71
0500000US53033,King County,1406
0500000US53035,Kitsap County,458
0500000US53037,Kittitas County,319
0500000US53039,Klickitat County,112
0500000US53041,Lewis County,187
0500000US53043,Lincoln County,58
0500000US53045,Mason County,216
0500000US53047,Okanogan County,243
0500000US53049,Pacific County,64
0500000US53051,Pend Oreille County,78
0500000US53053,Pierce County,775
0500000US53055,San Juan County,61
0500000US53057,Skagit County,218
0500000US53059,Skamania County,40
0500000US53061,Snohomish County,724
0500000US53063,Spokane County,670
0500000US53065,Stevens County,127
0500000US53067,Thurston County,425
0500000US53069,Wahkiakum County,39
0500000US53071,Walla Walla County,347
0500000US53073,Whatcom County,610
0500000US53075,Whitman County,409
0500000US53077,Yakima County,528
0500000US55001,Adams County,53
0500000US55003,Ashland County,68
0500000US55005,Barron County,118
0500000US55007,Bayfield County,46
0500000US55009,Brown County,482
0500000US55011,Buffalo County,35
0500000US55013,Burnett County,28
0500000US55015,Calumet County,125
0500000US55017,Chippewa County,159
0500000US55019,Clark County,83
0500000US55021,Columbia County,163
0500000US55023,Crawford County,57
0500000US55025,Dane County,864
0500000US55027,Dodge County,212
0500000US55029,Door County,144
0500000US55031,Douglas County,136
0500000US55033,Dunn County,178
0500000US55035,Eau Claire County,360
0500000US55037,Florence County,11
0500000US55039,Fond du Lac County,259
0500000US55041,Forest County,29
0500000US55043,Grant County,213
0500000US55045,Green County,102
0500000US55047,Green Lake County,94
0500000US55049,Iowa County,82
0500000US55051,Iron County,17
0500000US55053,Jackson County,74
0500000US55055,Jefferson County,280
0500000US55057,Juneau County,77
0500000US55059,Kenosha County,407
0500000US55061,Kewaunee County,52
0500000US55063,La Crosse County,473
0500000US55065,Lafayette County,42
0500000US55067,Langlade County,87
0500000US55069,Lincoln County,84
0500000US55071,Manitowoc County,175
0500000US55073,Marathon County,241
0500000US55075,Marinette County,117
0500000US55077,Marquette County,34
0500000US55078,Menominee County,21
0500000US55079,Milwaukee County,760
0500000US55081,Monroe County,132
0500000US55083,Oconto County,81
0500000US55085,Oneida County,126
0500000US55087,Outagamie County,337
0500000US55089,Ozaukee County,221
0500000US55091,Pepin County,38
0500000US55093,Pierce County,149
0500000US55095,Polk County,95
0500000US55097,Portage County,280
0500000US55099,Price County,38
0500000US55101,Racine County,402
0500000US55103,Richland County,61
0500000US55105,Rock County,307
0500000US55107,Rusk County,62
0500000US55109,St. Croix County,219
0500000US55111,Sauk County,190
0500000US55113,Sawyer County,110
0500000US55115,Shawano County,105
0500000US55117,Sheboygan County,285
0500000US55119,Taylor County,65
0500000US55121,Trempealeau County,113
0500000US55123,Vernon County,80
0500000US55125,Vilas County,75
0500000US55127,Walworth County,325
0500000US55129,Washburn County,49
0500000US55131,Washington County,309
0500000US55133,Waukesha County,437
0500000US55135,Waupaca County,158
0500000US55137,Waushara County,40
0500000US55139,Winnebago County,371
0500000US55141,Wood County,195
